Name,State,Type,Popularity,BestTimeToVisit
Taj Mahal,Uttar Pradesh,Historical,8.691906259,Nov-Feb
Goa Beaches,Goa,Beach,8.605031858,Nov-Mar
Jaipur City,Rajasthan,City,9.225372008,Oct-Mar
Kerala Backwaters,Kerala,Nature,7.977385536,Sep-Mar
Leh Ladakh,Jammu and Kashmir,Adventure,8.399821878,Apr-Jun
Taj Mahal,Uttar Pradesh,Historical,7.648949544,Nov-Feb
Goa Beaches,Goa,Beach,9.145068342,Nov-Mar
Jaipur City,Rajasthan,City,9.458704539,Oct-Mar
Kerala Backwaters,Kerala,Nature,9.260450137,Sep-Mar
Leh Ladakh,Jammu and Kashmir,Adventure,8.811952082,Apr-Jun
Taj Mahal,Uttar Pradesh,Historical,8.177709283,Nov-Feb
Goa Beaches,Goa,Beach,8.084317506,Nov-Mar
Jaipur City,Rajasthan,City,9.114721643,Oct-Mar
Kerala Backwaters,Kerala,Nature,8.551426231,Sep-Mar
Leh Ladakh,Jammu and Kashmir,Adventure,9.297389087,Apr-Jun
Taj Mahal,Uttar Pradesh,Historical,8.337332882,Nov-Feb
Goa Beaches,Goa,Beach,7.524150402,Nov-Mar
Jaipur City,Rajasthan,City,8.332572924,Oct-Mar
Kerala Backwaters,Kerala,Nature,9.017090236,Sep-Mar
Leh Ladakh,Jammu and Kashmir,Adventure,8.930902395,Apr-Jun
Taj Mahal,Uttar Pradesh,Historical,9.321865627,Nov-Feb
Goa Beaches,Goa,Beach,7.745073501,Nov-Mar
Jaipur City,Rajasthan,City,7.883349652,Oct-Mar
Kerala Backwaters,Kerala,Nature,9.182423104,Sep-Mar
Leh Ladakh,Jammu and Kashmir,Adventure,9.416526131,Apr-Jun
Taj Mahal,Uttar Pradesh,Historical,9.088205553,Nov-Feb
Goa Beaches,Goa,Beach,7.504499934,Nov-Mar
Jaipur City,Rajasthan,City,8.471855315,Oct-Mar
Kerala Backwaters,Kerala,Nature,8.32051439,Sep-Mar
Leh Ladakh,Jammu and Kashmir,Adventure,7.930637907,Apr-Jun
Taj Mahal,Uttar Pradesh,Historical,8.534267494,Nov-Feb
Goa Beaches,Goa,Beach,7.806330196,Nov-Mar
Jaipur City,Rajasthan,City,7.684440449,Oct-Mar
Kerala Backwaters,Kerala,Nature,8.206055639,Sep-Mar
Leh Ladakh,Jammu and Kashmir,Adventure,8.115627955,Apr-Jun
Taj Mahal,Uttar Pradesh,Historical,8.152769658,Nov-Feb
Goa Beaches,Goa,Beach,8.874757886,Nov-Mar
Jaipur City,Rajasthan,City,9.458687608,Oct-Mar
Kerala Backwaters,Kerala,Nature,9.276722027,Sep-Mar
Leh Ladakh,Jammu and Kashmir,Adventure,9.451473448,Apr-Jun
Taj Mahal,Uttar Pradesh,Historical,9.45205627,Nov-Feb
Goa Beaches,Goa,Beach,8.854828173,Nov-Mar
Jaipur City,Rajasthan,City,8.935833781,Oct-Mar
Kerala Backwaters,Kerala,Nature,8.844208014,Sep-Mar
Leh Ladakh,Jammu and Kashmir,Adventure,8.987615299,Apr-Jun
Taj Mahal,Uttar Pradesh,Historical,8.666633063,Nov-Feb
Goa Beaches,Goa,Beach,7.726020725,Nov-Mar
Jaipur City,Rajasthan,City,9.072662351,Oct-Mar
Kerala Backwaters,Kerala,Nature,8.015972831,Sep-Mar
Leh Ladakh,Jammu and Kashmir,Adventure,8.180477326,Apr-Jun
Taj Mahal,Uttar Pradesh,Historical,8.329362265,Nov-Feb
Goa Beaches,Goa,Beach,8.298754591,Nov-Mar
Jaipur City,Rajasthan,City,8.399568313,Oct-Mar
Kerala Backwaters,Kerala,Nature,8.116931496,Sep-Mar
Leh Ladakh,Jammu and Kashmir,Adventure,7.560629647,Apr-Jun
Taj Mahal,Uttar Pradesh,Historical,8.779339175,Nov-Feb
Goa Beaches,Goa,Beach,8.061326287,Nov-Mar
Jaipur City,Rajasthan,City,8.648115222,Oct-Mar
Kerala Backwaters,Kerala,Nature,9.490122865,Sep-Mar
Leh Ladakh,Jammu and Kashmir,Adventure,8.090294276,Apr-Jun
Taj Mahal,Uttar Pradesh,Historical,9.255411352,Nov-Feb
Goa Beaches,Goa,Beach,9.379786904,Nov-Mar
Jaipur City,Rajasthan,City,9.202094231,Oct-Mar
Kerala Backwaters,Kerala,Nature,7.995381522,Sep-Mar
Leh Ladakh,Jammu and Kashmir,Adventure,8.264285623,Apr-Jun
Taj Mahal,Uttar Pradesh,Historical,8.657185751,Nov-Feb
Goa Beaches,Goa,Beach,7.593468222,Nov-Mar
Jaipur City,Rajasthan,City,7.599766915,Oct-Mar
Kerala Backwaters,Kerala,Nature,9.251449512,Sep-Mar
Leh Ladakh,Jammu and Kashmir,Adventure,8.302199786,Apr-Jun
Taj Mahal,Uttar Pradesh,Historical,7.918856059,Nov-Feb
Goa Beaches,Goa,Beach,9.498128983,Nov-Mar
Jaipur City,Rajasthan,City,9.365362187,Oct-Mar
Kerala Backwaters,Kerala,Nature,8.618525609,Sep-Mar
Leh Ladakh,Jammu and Kashmir,Adventure,8.051674305,Apr-Jun
Taj Mahal,Uttar Pradesh,Historical,9.019776841,Nov-Feb
Goa Beaches,Goa,Beach,8.724365523,Nov-Mar
Jaipur City,Rajasthan,City,8.697245496,Oct-Mar
Kerala Backwaters,Kerala,Nature,8.482629445,Sep-Mar
Leh Ladakh,Jammu and Kashmir,Adventure,9.167168853,Apr-Jun
Taj Mahal,Uttar Pradesh,Historical,8.113730398,Nov-Feb
Goa Beaches,Goa,Beach,8.067416541,Nov-Mar
Jaipur City,Rajasthan,City,9.255202769,Oct-Mar
Kerala Backwaters,Kerala,Nature,9.333748543,Sep-Mar
Leh Ladakh,Jammu and Kashmir,Adventure,7.877439168,Apr-Jun
Taj Mahal,Uttar Pradesh,Historical,8.093807911,Nov-Feb
Goa Beaches,Goa,Beach,8.322799779,Nov-Mar
Jaipur City,Rajasthan,City,9.018383604,Oct-Mar
Kerala Backwaters,Kerala,Nature,8.686130971,Sep-Mar
Leh Ladakh,Jammu and Kashmir,Adventure,7.864848872,Apr-Jun
Taj Mahal,Uttar Pradesh,Historical,8.775155892,Nov-Feb
Goa Beaches,Goa,Beach,7.842354722,Nov-Mar
Jaipur City,Rajasthan,City,9.116298425,Oct-Mar
Kerala Backwaters,Kerala,Nature,7.67865796,Sep-Mar
Leh Ladakh,Jammu and Kashmir,Adventure,8.187165617,Apr-Jun
Taj Mahal,Uttar Pradesh,Historical,8.984287702,Nov-Feb
Goa Beaches,Goa,Beach,8.882535315,Nov-Mar
Jaipur City,Rajasthan,City,7.511446247,Oct-Mar
Kerala Backwaters,Kerala,Nature,8.154277486,Sep-Mar
Leh Ladakh,Jammu and Kashmir,Adventure,8.550622272,Apr-Jun
Taj Mahal,Uttar Pradesh,Historical,9.357876872,Nov-Feb
Goa Beaches,Goa,Beach,7.901206475,Nov-Mar
Jaipur City,Rajasthan,City,9.293866271,Oct-Mar
Kerala Backwaters,Kerala,Nature,9.032056857,Sep-Mar
Leh Ladakh,Jammu and Kashmir,Adventure,9.36769562,Apr-Jun
Taj Mahal,Uttar Pradesh,Historical,8.49482356,Nov-Feb
Goa Beaches,Goa,Beach,8.670099992,Nov-Mar
Jaipur City,Rajasthan,City,8.180179995,Oct-Mar
Kerala Backwaters,Kerala,Nature,8.024075275,Sep-Mar
Leh Ladakh,Jammu and Kashmir,Adventure,8.885980061,Apr-Jun
Taj Mahal,Uttar Pradesh,Historical,8.979764649,Nov-Feb
Goa Beaches,Goa,Beach,8.196505601,Nov-Mar
Jaipur City,Rajasthan,City,7.576534513,Oct-Mar
Kerala Backwaters,Kerala,Nature,9.46714704,Sep-Mar
Leh Ladakh,Jammu and Kashmir,Adventure,8.717346793,Apr-Jun
Taj Mahal,Uttar Pradesh,Historical,8.636073234,Nov-Feb
Goa Beaches,Goa,Beach,9.219798014,Nov-Mar
Jaipur City,Rajasthan,City,7.698985654,Oct-Mar
Kerala Backwaters,Kerala,Nature,8.95364316,Sep-Mar
Leh Ladakh,Jammu and Kashmir,Adventure,7.928950862,Apr-Jun
Taj Mahal,Uttar Pradesh,Historical,8.624112218,Nov-Feb
Goa Beaches,Goa,Beach,7.791202933,Nov-Mar
Jaipur City,Rajasthan,City,9.31595004,Oct-Mar
Kerala Backwaters,Kerala,Nature,7.921320004,Sep-Mar
Leh Ladakh,Jammu and Kashmir,Adventure,8.136472031,Apr-Jun
Taj Mahal,Uttar Pradesh,Historical,8.271757062,Nov-Feb
Goa Beaches,Goa,Beach,8.132745077,Nov-Mar
Jaipur City,Rajasthan,City,7.513479447,Oct-Mar
Kerala Backwaters,Kerala,Nature,9.066328358,Sep-Mar
Leh Ladakh,Jammu and Kashmir,Adventure,9.460634458,Apr-Jun
Taj Mahal,Uttar Pradesh,Historical,8.853926859,Nov-Feb
Goa Beaches,Goa,Beach,8.188672008,Nov-Mar
Jaipur City,Rajasthan,City,7.813559347,Oct-Mar
Kerala Backwaters,Kerala,Nature,7.743269418,Sep-Mar
Leh Ladakh,Jammu and Kashmir,Adventure,9.398122785,Apr-Jun
Taj Mahal,Uttar Pradesh,Historical,8.153562079,Nov-Feb
Goa Beaches,Goa,Beach,8.863570277,Nov-Mar
Jaipur City,Rajasthan,City,9.195643437,Oct-Mar
Kerala Backwaters,Kerala,Nature,8.426322913,Sep-Mar
Leh Ladakh,Jammu and Kashmir,Adventure,8.907807741,Apr-Jun
Taj Mahal,Uttar Pradesh,Historical,7.618133332,Nov-Feb
Goa Beaches,Goa,Beach,7.601039201,Nov-Mar
Jaipur City,Rajasthan,City,8.299735699,Oct-Mar
Kerala Backwaters,Kerala,Nature,7.830541228,Sep-Mar
Leh Ladakh,Jammu and Kashmir,Adventure,9.388011429,Apr-Jun
Taj Mahal,Uttar Pradesh,Historical,8.37384412,Nov-Feb
Goa Beaches,Goa,Beach,7.770934467,Nov-Mar
Jaipur City,Rajasthan,City,7.692741092,Oct-Mar
Kerala Backwaters,Kerala,Nature,7.812523861,Sep-Mar
Leh Ladakh,Jammu and Kashmir,Adventure,8.86387233,Apr-Jun
Taj Mahal,Uttar Pradesh,Historical,9.450175079,Nov-Feb
Goa Beaches,Goa,Beach,9.000248319,Nov-Mar
Jaipur City,Rajasthan,City,9.072635914,Oct-Mar
Kerala Backwaters,Kerala,Nature,9.484797547,Sep-Mar
Leh Ladakh,Jammu and Kashmir,Adventure,7.933121409,Apr-Jun
Taj Mahal,Uttar Pradesh,Historical,8.967583118,Nov-Feb
Goa Beaches,Goa,Beach,7.607643334,Nov-Mar
Jaipur City,Rajasthan,City,8.533439719,Oct-Mar
Kerala Backwaters,Kerala,Nature,8.01756636,Sep-Mar
Leh Ladakh,Jammu and Kashmir,Adventure,8.03668464,Apr-Jun
Taj Mahal,Uttar Pradesh,Historical,7.738547102,Nov-Feb
Goa Beaches,Goa,Beach,7.54477047,Nov-Mar
Jaipur City,Rajasthan,City,8.168780569,Oct-Mar
Kerala Backwaters,Kerala,Nature,7.818366934,Sep-Mar
Leh Ladakh,Jammu and Kashmir,Adventure,7.554650205,Apr-Jun
Taj Mahal,Uttar Pradesh,Historical,7.967520191,Nov-Feb
Goa Beaches,Goa,Beach,9.185298189,Nov-Mar
Jaipur City,Rajasthan,City,7.634504263,Oct-Mar
Kerala Backwaters,Kerala,Nature,7.686748943,Sep-Mar
Leh Ladakh,Jammu and Kashmir,Adventure,7.848982806,Apr-Jun
Taj Mahal,Uttar Pradesh,Historical,7.721043377,Nov-Feb
Goa Beaches,Goa,Beach,9.486279939,Nov-Mar
Jaipur City,Rajasthan,City,7.72225221,Oct-Mar
Kerala Backwaters,Kerala,Nature,8.360692115,Sep-Mar
Leh Ladakh,Jammu and Kashmir,Adventure,8.866219314,Apr-Jun
Taj Mahal,Uttar Pradesh,Historical,8.165093922,Nov-Feb
Goa Beaches,Goa,Beach,9.446896779,Nov-Mar
Jaipur City,Rajasthan,City,8.544351694,Oct-Mar
Kerala Backwaters,Kerala,Nature,8.299149271,Sep-Mar
Leh Ladakh,Jammu and Kashmir,Adventure,8.091363134,Apr-Jun
Taj Mahal,Uttar Pradesh,Historical,9.236840653,Nov-Feb
Goa Beaches,Goa,Beach,8.332585022,Nov-Mar
Jaipur City,Rajasthan,City,8.872498744,Oct-Mar
Kerala Backwaters,Kerala,Nature,7.816345212,Sep-Mar
Leh Ladakh,Jammu and Kashmir,Adventure,8.242881343,Apr-Jun
Taj Mahal,Uttar Pradesh,Historical,8.118994457,Nov-Feb
Goa Beaches,Goa,Beach,8.843079931,Nov-Mar
Jaipur City,Rajasthan,City,8.202625979,Oct-Mar
Kerala Backwaters,Kerala,Nature,8.649611763,Sep-Mar
Leh Ladakh,Jammu and Kashmir,Adventure,9.150588626,Apr-Jun
Taj Mahal,Uttar Pradesh,Historical,8.072256876,Nov-Feb
Goa Beaches,Goa,Beach,8.419905789,Nov-Mar
Jaipur City,Rajasthan,City,7.672819737,Oct-Mar
Kerala Backwaters,Kerala,Nature,7.764994889,Sep-Mar
Leh Ladakh,Jammu and Kashmir,Adventure,9.092972455,Apr-Jun
Taj Mahal,Uttar Pradesh,Historical,8.393643742,Nov-Feb
Goa Beaches,Goa,Beach,9.43385527,Nov-Mar
Jaipur City,Rajasthan,City,8.2558932,Oct-Mar
Kerala Backwaters,Kerala,Nature,9.112874174,Sep-Mar
Leh Ladakh,Jammu and Kashmir,Adventure,7.77167519,Apr-Jun
Taj Mahal,Uttar Pradesh,Historical,7.653509094,Nov-Feb
Goa Beaches,Goa,Beach,8.246718656,Nov-Mar
Jaipur City,Rajasthan,City,9.042840186,Oct-Mar
Kerala Backwaters,Kerala,Nature,7.963483704,Sep-Mar
Leh Ladakh,Jammu and Kashmir,Adventure,8.456754675,Apr-Jun
Taj Mahal,Uttar Pradesh,Historical,9.282226276,Nov-Feb
Goa Beaches,Goa,Beach,8.560557284,Nov-Mar
Jaipur City,Rajasthan,City,9.232664943,Oct-Mar
Kerala Backwaters,Kerala,Nature,7.65054329,Sep-Mar
Leh Ladakh,Jammu and Kashmir,Adventure,8.277611273,Apr-Jun
Taj Mahal,Uttar Pradesh,Historical,8.188261258,Nov-Feb
Goa Beaches,Goa,Beach,9.149424673,Nov-Mar
Jaipur City,Rajasthan,City,7.971646077,Oct-Mar
Kerala Backwaters,Kerala,Nature,8.3782447,Sep-Mar
Leh Ladakh,Jammu and Kashmir,Adventure,7.584036611,Apr-Jun
Taj Mahal,Uttar Pradesh,Historical,9.3672022,Nov-Feb
Goa Beaches,Goa,Beach,9.144764642,Nov-Mar
Jaipur City,Rajasthan,City,9.034168574,Oct-Mar
Kerala Backwaters,Kerala,Nature,9.237610355,Sep-Mar
Leh Ladakh,Jammu and Kashmir,Adventure,8.869504608,Apr-Jun
Taj Mahal,Uttar Pradesh,Historical,8.719051822,Nov-Feb
Goa Beaches,Goa,Beach,8.240843057,Nov-Mar
Jaipur City,Rajasthan,City,8.936949816,Oct-Mar
Kerala Backwaters,Kerala,Nature,8.077912596,Sep-Mar
Leh Ladakh,Jammu and Kashmir,Adventure,8.793334589,Apr-Jun
Taj Mahal,Uttar Pradesh,Historical,7.721478394,Nov-Feb
Goa Beaches,Goa,Beach,8.882153319,Nov-Mar
Jaipur City,Rajasthan,City,8.534275498,Oct-Mar
Kerala Backwaters,Kerala,Nature,7.60393591,Sep-Mar
Leh Ladakh,Jammu and Kashmir,Adventure,7.619039723,Apr-Jun
Taj Mahal,Uttar Pradesh,Historical,7.78825614,Nov-Feb
Goa Beaches,Goa,Beach,8.789144742,Nov-Mar
Jaipur City,Rajasthan,City,7.782973981,Oct-Mar
Kerala Backwaters,Kerala,Nature,9.42096054,Sep-Mar
Leh Ladakh,Jammu and Kashmir,Adventure,8.734064598,Apr-Jun
Taj Mahal,Uttar Pradesh,Historical,8.424772792,Nov-Feb
Goa Beaches,Goa,Beach,8.160740974,Nov-Mar
Jaipur City,Rajasthan,City,8.127785897,Oct-Mar
Kerala Backwaters,Kerala,Nature,8.757659225,Sep-Mar
Leh Ladakh,Jammu and Kashmir,Adventure,8.518452202,Apr-Jun
Taj Mahal,Uttar Pradesh,Historical,7.668642705,Nov-Feb
Goa Beaches,Goa,Beach,9.164688152,Nov-Mar
Jaipur City,Rajasthan,City,9.068862539,Oct-Mar
Kerala Backwaters,Kerala,Nature,9.011521245,Sep-Mar
Leh Ladakh,Jammu and Kashmir,Adventure,9.459953314,Apr-Jun
Taj Mahal,Uttar Pradesh,Historical,8.617311411,Nov-Feb
Goa Beaches,Goa,Beach,9.153509849,Nov-Mar
Jaipur City,Rajasthan,City,7.879027093,Oct-Mar
Kerala Backwaters,Kerala,Nature,8.894284044,Sep-Mar
Leh Ladakh,Jammu and Kashmir,Adventure,9.151090723,Apr-Jun
Taj Mahal,Uttar Pradesh,Historical,8.041916757,Nov-Feb
Goa Beaches,Goa,Beach,8.836459649,Nov-Mar
Jaipur City,Rajasthan,City,8.125034099,Oct-Mar
Kerala Backwaters,Kerala,Nature,9.143167495,Sep-Mar
Leh Ladakh,Jammu and Kashmir,Adventure,8.59789687,Apr-Jun
Taj Mahal,Uttar Pradesh,Historical,8.403655362,Nov-Feb
Goa Beaches,Goa,Beach,8.284116199,Nov-Mar
Jaipur City,Rajasthan,City,7.617165381,Oct-Mar
Kerala Backwaters,Kerala,Nature,8.382675748,Sep-Mar
Leh Ladakh,Jammu and Kashmir,Adventure,7.917003558,Apr-Jun
Taj Mahal,Uttar Pradesh,Historical,8.083688761,Nov-Feb
Goa Beaches,Goa,Beach,7.758783398,Nov-Mar
Jaipur City,Rajasthan,City,9.407835019,Oct-Mar
Kerala Backwaters,Kerala,Nature,8.025088515,Sep-Mar
Leh Ladakh,Jammu and Kashmir,Adventure,9.141722726,Apr-Jun
Taj Mahal,Uttar Pradesh,Historical,8.918773158,Nov-Feb
Goa Beaches,Goa,Beach,8.813848708,Nov-Mar
Jaipur City,Rajasthan,City,8.015626863,Oct-Mar
Kerala Backwaters,Kerala,Nature,7.588087849,Sep-Mar
Leh Ladakh,Jammu and Kashmir,Adventure,8.434929745,Apr-Jun
Taj Mahal,Uttar Pradesh,Historical,9.232289962,Nov-Feb
Goa Beaches,Goa,Beach,7.935193697,Nov-Mar
Jaipur City,Rajasthan,City,9.324373463,Oct-Mar
Kerala Backwaters,Kerala,Nature,7.777024607,Sep-Mar
Leh Ladakh,Jammu and Kashmir,Adventure,8.388578038,Apr-Jun
Taj Mahal,Uttar Pradesh,Historical,7.591070677,Nov-Feb
Goa Beaches,Goa,Beach,8.694303253,Nov-Mar
Jaipur City,Rajasthan,City,9.120385789,Oct-Mar
Kerala Backwaters,Kerala,Nature,7.84120695,Sep-Mar
Leh Ladakh,Jammu and Kashmir,Adventure,7.639341731,Apr-Jun
Taj Mahal,Uttar Pradesh,Historical,9.430864466,Nov-Feb
Goa Beaches,Goa,Beach,8.888987617,Nov-Mar
Jaipur City,Rajasthan,City,8.219242612,Oct-Mar
Kerala Backwaters,Kerala,Nature,9.014866522,Sep-Mar
Leh Ladakh,Jammu and Kashmir,Adventure,8.992391384,Apr-Jun
Taj Mahal,Uttar Pradesh,Historical,9.36200147,Nov-Feb
Goa Beaches,Goa,Beach,9.171525351,Nov-Mar
Jaipur City,Rajasthan,City,8.172782288,Oct-Mar
Kerala Backwaters,Kerala,Nature,7.844009444,Sep-Mar
Leh Ladakh,Jammu and Kashmir,Adventure,7.934186546,Apr-Jun
Taj Mahal,Uttar Pradesh,Historical,8.571800372,Nov-Feb
Goa Beaches,Goa,Beach,8.259128922,Nov-Mar
Jaipur City,Rajasthan,City,7.534360803,Oct-Mar
Kerala Backwaters,Kerala,Nature,8.55304694,Sep-Mar
Leh Ladakh,Jammu and Kashmir,Adventure,9.301807912,Apr-Jun
Taj Mahal,Uttar Pradesh,Historical,8.013451633,Nov-Feb
Goa Beaches,Goa,Beach,7.633292997,Nov-Mar
Jaipur City,Rajasthan,City,8.804695152,Oct-Mar
Kerala Backwaters,Kerala,Nature,8.966364802,Sep-Mar
Leh Ladakh,Jammu and Kashmir,Adventure,7.799198882,Apr-Jun
Taj Mahal,Uttar Pradesh,Historical,8.634308851,Nov-Feb
Goa Beaches,Goa,Beach,7.649281077,Nov-Mar
Jaipur City,Rajasthan,City,9.356796584,Oct-Mar
Kerala Backwaters,Kerala,Nature,8.611208289,Sep-Mar
Leh Ladakh,Jammu and Kashmir,Adventure,8.111872494,Apr-Jun
Taj Mahal,Uttar Pradesh,Historical,8.448064464,Nov-Feb
Goa Beaches,Goa,Beach,8.419860353,Nov-Mar
Jaipur City,Rajasthan,City,8.122052828,Oct-Mar
Kerala Backwaters,Kerala,Nature,8.122685723,Sep-Mar
Leh Ladakh,Jammu and Kashmir,Adventure,7.862071974,Apr-Jun
Taj Mahal,Uttar Pradesh,Historical,8.093952306,Nov-Feb
Goa Beaches,Goa,Beach,7.923067613,Nov-Mar
Jaipur City,Rajasthan,City,8.16049555,Oct-Mar
Kerala Backwaters,Kerala,Nature,7.923207094,Sep-Mar
Leh Ladakh,Jammu and Kashmir,Adventure,7.74668619,Apr-Jun
Taj Mahal,Uttar Pradesh,Historical,8.033280743,Nov-Feb
Goa Beaches,Goa,Beach,8.617795776,Nov-Mar
Jaipur City,Rajasthan,City,7.799132449,Oct-Mar
Kerala Backwaters,Kerala,Nature,8.84963556,Sep-Mar
Leh Ladakh,Jammu and Kashmir,Adventure,8.353685271,Apr-Jun
Taj Mahal,Uttar Pradesh,Historical,9.146376228,Nov-Feb
Goa Beaches,Goa,Beach,7.875971585,Nov-Mar
Jaipur City,Rajasthan,City,8.130587469,Oct-Mar
Kerala Backwaters,Kerala,Nature,7.662104839,Sep-Mar
Leh Ladakh,Jammu and Kashmir,Adventure,7.767402106,Apr-Jun
Taj Mahal,Uttar Pradesh,Historical,8.206421939,Nov-Feb
Goa Beaches,Goa,Beach,8.382390141,Nov-Mar
Jaipur City,Rajasthan,City,8.63148984,Oct-Mar
Kerala Backwaters,Kerala,Nature,8.2148979,Sep-Mar
Leh Ladakh,Jammu and Kashmir,Adventure,7.635735288,Apr-Jun
Taj Mahal,Uttar Pradesh,Historical,9.082935361,Nov-Feb
Goa Beaches,Goa,Beach,8.94287466,Nov-Mar
Jaipur City,Rajasthan,City,7.632343967,Oct-Mar
Kerala Backwaters,Kerala,Nature,8.71066537,Sep-Mar
Leh Ladakh,Jammu and Kashmir,Adventure,9.310237104,Apr-Jun
Taj Mahal,Uttar Pradesh,Historical,9.268792308,Nov-Feb
Goa Beaches,Goa,Beach,8.576362703,Nov-Mar
Jaipur City,Rajasthan,City,8.139654822,Oct-Mar
Kerala Backwaters,Kerala,Nature,8.568613099,Sep-Mar
Leh Ladakh,Jammu and Kashmir,Adventure,9.05157873,Apr-Jun
Taj Mahal,Uttar Pradesh,Historical,8.408281457,Nov-Feb
Goa Beaches,Goa,Beach,9.379923843,Nov-Mar
Jaipur City,Rajasthan,City,7.873481446,Oct-Mar
Kerala Backwaters,Kerala,Nature,9.162324692,Sep-Mar
Leh Ladakh,Jammu and Kashmir,Adventure,9.315488066,Apr-Jun
Taj Mahal,Uttar Pradesh,Historical,8.969950616,Nov-Feb
Goa Beaches,Goa,Beach,7.920959928,Nov-Mar
Jaipur City,Rajasthan,City,8.013552976,Oct-Mar
Kerala Backwaters,Kerala,Nature,8.186215305,Sep-Mar
Leh Ladakh,Jammu and Kashmir,Adventure,7.950916522,Apr-Jun
Taj Mahal,Uttar Pradesh,Historical,8.488999182,Nov-Feb
Goa Beaches,Goa,Beach,7.946596795,Nov-Mar
Jaipur City,Rajasthan,City,9.29747082,Oct-Mar
Kerala Backwaters,Kerala,Nature,7.760694703,Sep-Mar
Leh Ladakh,Jammu and Kashmir,Adventure,8.057546789,Apr-Jun
Taj Mahal,Uttar Pradesh,Historical,8.606176984,Nov-Feb
Goa Beaches,Goa,Beach,8.314502185,Nov-Mar
Jaipur City,Rajasthan,City,7.738761293,Oct-Mar
Kerala Backwaters,Kerala,Nature,7.832207354,Sep-Mar
Leh Ladakh,Jammu and Kashmir,Adventure,8.117132891,Apr-Jun
Taj Mahal,Uttar Pradesh,Historical,8.134764369,Nov-Feb
Goa Beaches,Goa,Beach,8.908499372,Nov-Mar
Jaipur City,Rajasthan,City,8.85700532,Oct-Mar
Kerala Backwaters,Kerala,Nature,8.029543991,Sep-Mar
Leh Ladakh,Jammu and Kashmir,Adventure,8.878382688,Apr-Jun
Taj Mahal,Uttar Pradesh,Historical,9.266030293,Nov-Feb
Goa Beaches,Goa,Beach,8.445148546,Nov-Mar
Jaipur City,Rajasthan,City,8.008251816,Oct-Mar
Kerala Backwaters,Kerala,Nature,7.526677668,Sep-Mar
Leh Ladakh,Jammu and Kashmir,Adventure,8.35737822,Apr-Jun
Taj Mahal,Uttar Pradesh,Historical,8.320896476,Nov-Feb
Goa Beaches,Goa,Beach,7.82461091,Nov-Mar
Jaipur City,Rajasthan,City,9.276956976,Oct-Mar
Kerala Backwaters,Kerala,Nature,9.270981322,Sep-Mar
Leh Ladakh,Jammu and Kashmir,Adventure,8.448235371,Apr-Jun
Taj Mahal,Uttar Pradesh,Historical,9.483879397,Nov-Feb
Goa Beaches,Goa,Beach,7.922286151,Nov-Mar
Jaipur City,Rajasthan,City,9.364747011,Oct-Mar
Kerala Backwaters,Kerala,Nature,7.710901823,Sep-Mar
Leh Ladakh,Jammu and Kashmir,Adventure,8.658172609,Apr-Jun
Taj Mahal,Uttar Pradesh,Historical,9.300525031,Nov-Feb
Goa Beaches,Goa,Beach,8.487140997,Nov-Mar
Jaipur City,Rajasthan,City,8.706955116,Oct-Mar
Kerala Backwaters,Kerala,Nature,8.632562616,Sep-Mar
Leh Ladakh,Jammu and Kashmir,Adventure,8.051203902,Apr-Jun
Taj Mahal,Uttar Pradesh,Historical,9.463332001,Nov-Feb
Goa Beaches,Goa,Beach,8.763403697,Nov-Mar
Jaipur City,Rajasthan,City,9.151665484,Oct-Mar
Kerala Backwaters,Kerala,Nature,9.409146178,Sep-Mar
Leh Ladakh,Jammu and Kashmir,Adventure,8.854728504,Apr-Jun
Taj Mahal,Uttar Pradesh,Historical,8.937176477,Nov-Feb
Goa Beaches,Goa,Beach,8.659032747,Nov-Mar
Jaipur City,Rajasthan,City,8.429521722,Oct-Mar
Kerala Backwaters,Kerala,Nature,8.884525797,Sep-Mar
Leh Ladakh,Jammu and Kashmir,Adventure,8.879069809,Apr-Jun
Taj Mahal,Uttar Pradesh,Historical,9.113864702,Nov-Feb
Goa Beaches,Goa,Beach,8.739477476,Nov-Mar
Jaipur City,Rajasthan,City,8.332950034,Oct-Mar
Kerala Backwaters,Kerala,Nature,8.376325562,Sep-Mar
Leh Ladakh,Jammu and Kashmir,Adventure,9.120122756,Apr-Jun
Taj Mahal,Uttar Pradesh,Historical,8.033376557,Nov-Feb
Goa Beaches,Goa,Beach,8.050919516,Nov-Mar
Jaipur City,Rajasthan,City,8.578600555,Oct-Mar
Kerala Backwaters,Kerala,Nature,9.289386994,Sep-Mar
Leh Ladakh,Jammu and Kashmir,Adventure,8.26630952,Apr-Jun
Taj Mahal,Uttar Pradesh,Historical,8.138246013,Nov-Feb
Goa Beaches,Goa,Beach,8.685967653,Nov-Mar
Jaipur City,Rajasthan,City,7.78975361,Oct-Mar
Kerala Backwaters,Kerala,Nature,7.695324251,Sep-Mar
Leh Ladakh,Jammu and Kashmir,Adventure,9.056239629,Apr-Jun
Taj Mahal,Uttar Pradesh,Historical,8.284126728,Nov-Feb
Goa Beaches,Goa,Beach,8.056589741,Nov-Mar
Jaipur City,Rajasthan,City,9.164900244,Oct-Mar
Kerala Backwaters,Kerala,Nature,8.418529332,Sep-Mar
Leh Ladakh,Jammu and Kashmir,Adventure,8.650437609,Apr-Jun
Taj Mahal,Uttar Pradesh,Historical,9.32701478,Nov-Feb
Goa Beaches,Goa,Beach,7.799317153,Nov-Mar
Jaipur City,Rajasthan,City,8.571570123,Oct-Mar
Kerala Backwaters,Kerala,Nature,8.16565426,Sep-Mar
Leh Ladakh,Jammu and Kashmir,Adventure,9.333012518,Apr-Jun
Taj Mahal,Uttar Pradesh,Historical,8.912423771,Nov-Feb
Goa Beaches,Goa,Beach,7.962932744,Nov-Mar
Jaipur City,Rajasthan,City,8.427042499,Oct-Mar
Kerala Backwaters,Kerala,Nature,8.016517304,Sep-Mar
Leh Ladakh,Jammu and Kashmir,Adventure,7.677908499,Apr-Jun
Taj Mahal,Uttar Pradesh,Historical,7.742346086,Nov-Feb
Goa Beaches,Goa,Beach,8.049399731,Nov-Mar
Jaipur City,Rajasthan,City,9.229663136,Oct-Mar
Kerala Backwaters,Kerala,Nature,8.1864846,Sep-Mar
Leh Ladakh,Jammu and Kashmir,Adventure,7.52816081,Apr-Jun
Taj Mahal,Uttar Pradesh,Historical,8.459730623,Nov-Feb
Goa Beaches,Goa,Beach,8.839626409,Nov-Mar
Jaipur City,Rajasthan,City,8.683728793,Oct-Mar
Kerala Backwaters,Kerala,Nature,8.707253749,Sep-Mar
Leh Ladakh,Jammu and Kashmir,Adventure,8.316001911,Apr-Jun
Taj Mahal,Uttar Pradesh,Historical,7.728114076,Nov-Feb
Goa Beaches,Goa,Beach,7.987106149,Nov-Mar
Jaipur City,Rajasthan,City,8.465558406,Oct-Mar
Kerala Backwaters,Kerala,Nature,8.208388595,Sep-Mar
Leh Ladakh,Jammu and Kashmir,Adventure,8.224548105,Apr-Jun
Taj Mahal,Uttar Pradesh,Historical,7.865953291,Nov-Feb
Goa Beaches,Goa,Beach,8.459808777,Nov-Mar
Jaipur City,Rajasthan,City,9.225300609,Oct-Mar
Kerala Backwaters,Kerala,Nature,8.308543308,Sep-Mar
Leh Ladakh,Jammu and Kashmir,Adventure,7.845173227,Apr-Jun
Taj Mahal,Uttar Pradesh,Historical,8.091809666,Nov-Feb
Goa Beaches,Goa,Beach,8.888745118,Nov-Mar
Jaipur City,Rajasthan,City,8.531272859,Oct-Mar
Kerala Backwaters,Kerala,Nature,7.900632193,Sep-Mar
Leh Ladakh,Jammu and Kashmir,Adventure,8.390879273,Apr-Jun
Taj Mahal,Uttar Pradesh,Historical,7.948981237,Nov-Feb
Goa Beaches,Goa,Beach,7.710238851,Nov-Mar
Jaipur City,Rajasthan,City,8.42602682,Oct-Mar
Kerala Backwaters,Kerala,Nature,8.250765566,Sep-Mar
Leh Ladakh,Jammu and Kashmir,Adventure,7.889359194,Apr-Jun
Taj Mahal,Uttar Pradesh,Historical,7.509850241,Nov-Feb
Goa Beaches,Goa,Beach,9.348468751,Nov-Mar
Jaipur City,Rajasthan,City,9.048845046,Oct-Mar
Kerala Backwaters,Kerala,Nature,8.23103403,Sep-Mar
Leh Ladakh,Jammu and Kashmir,Adventure,8.254492209,Apr-Jun
Taj Mahal,Uttar Pradesh,Historical,8.540493347,Nov-Feb
Goa Beaches,Goa,Beach,7.625998221,Nov-Mar
Jaipur City,Rajasthan,City,8.981270231,Oct-Mar
Kerala Backwaters,Kerala,Nature,8.555128224,Sep-Mar
Leh Ladakh,Jammu and Kashmir,Adventure,7.761543598,Apr-Jun
Taj Mahal,Uttar Pradesh,Historical,8.250898706,Nov-Feb
Goa Beaches,Goa,Beach,8.025486409,Nov-Mar
Jaipur City,Rajasthan,City,9.479101518,Oct-Mar
Kerala Backwaters,Kerala,Nature,8.661784765,Sep-Mar
Leh Ladakh,Jammu and Kashmir,Adventure,8.931950952,Apr-Jun
Taj Mahal,Uttar Pradesh,Historical,9.431015219,Nov-Feb
Goa Beaches,Goa,Beach,9.276219098,Nov-Mar
Jaipur City,Rajasthan,City,8.138557734,Oct-Mar
Kerala Backwaters,Kerala,Nature,7.780303814,Sep-Mar
Leh Ladakh,Jammu and Kashmir,Adventure,8.439314464,Apr-Jun
Taj Mahal,Uttar Pradesh,Historical,8.593932856,Nov-Feb
Goa Beaches,Goa,Beach,9.061411819,Nov-Mar
Jaipur City,Rajasthan,City,8.74602754,Oct-Mar
Kerala Backwaters,Kerala,Nature,8.432522163,Sep-Mar
Leh Ladakh,Jammu and Kashmir,Adventure,9.183226467,Apr-Jun
Taj Mahal,Uttar Pradesh,Historical,8.347502108,Nov-Feb
Goa Beaches,Goa,Beach,7.948762857,Nov-Mar
Jaipur City,Rajasthan,City,9.187132542,Oct-Mar
Kerala Backwaters,Kerala,Nature,8.361380336,Sep-Mar
Leh Ladakh,Jammu and Kashmir,Adventure,9.307482015,Apr-Jun
Taj Mahal,Uttar Pradesh,Historical,9.250030402,Nov-Feb
Goa Beaches,Goa,Beach,8.062331361,Nov-Mar
Jaipur City,Rajasthan,City,8.654607164,Oct-Mar
Kerala Backwaters,Kerala,Nature,8.633724983,Sep-Mar
Leh Ladakh,Jammu and Kashmir,Adventure,8.387349596,Apr-Jun
Taj Mahal,Uttar Pradesh,Historical,8.208032333,Nov-Feb
Goa Beaches,Goa,Beach,8.128286959,Nov-Mar
Jaipur City,Rajasthan,City,8.878936494,Oct-Mar
Kerala Backwaters,Kerala,Nature,8.93781254,Sep-Mar
Leh Ladakh,Jammu and Kashmir,Adventure,8.414265881,Apr-Jun
Taj Mahal,Uttar Pradesh,Historical,8.265509612,Nov-Feb
Goa Beaches,Goa,Beach,8.698828828,Nov-Mar
Jaipur City,Rajasthan,City,9.324413282,Oct-Mar
Kerala Backwaters,Kerala,Nature,9.264964763,Sep-Mar
Leh Ladakh,Jammu and Kashmir,Adventure,8.940107798,Apr-Jun
Taj Mahal,Uttar Pradesh,Historical,8.437797979,Nov-Feb
Goa Beaches,Goa,Beach,9.314545773,Nov-Mar
Jaipur City,Rajasthan,City,8.918823544,Oct-Mar
Kerala Backwaters,Kerala,Nature,7.992592263,Sep-Mar
Leh Ladakh,Jammu and Kashmir,Adventure,8.078697969,Apr-Jun
Taj Mahal,Uttar Pradesh,Historical,8.510029536,Nov-Feb
Goa Beaches,Goa,Beach,8.240547501,Nov-Mar
Jaipur City,Rajasthan,City,9.435963382,Oct-Mar
Kerala Backwaters,Kerala,Nature,9.252045522,Sep-Mar
Leh Ladakh,Jammu and Kashmir,Adventure,9.380186804,Apr-Jun
Taj Mahal,Uttar Pradesh,Historical,9.219575249,Nov-Feb
Goa Beaches,Goa,Beach,9.222486405,Nov-Mar
Jaipur City,Rajasthan,City,9.319083493,Oct-Mar
Kerala Backwaters,Kerala,Nature,7.980635862,Sep-Mar
Leh Ladakh,Jammu and Kashmir,Adventure,9.481318667,Apr-Jun
Taj Mahal,Uttar Pradesh,Historical,7.890656668,Nov-Feb
Goa Beaches,Goa,Beach,8.715019439,Nov-Mar
Jaipur City,Rajasthan,City,8.927901484,Oct-Mar
Kerala Backwaters,Kerala,Nature,7.772507901,Sep-Mar
Leh Ladakh,Jammu and Kashmir,Adventure,8.521876495,Apr-Jun
Taj Mahal,Uttar Pradesh,Historical,9.073609022,Nov-Feb
Goa Beaches,Goa,Beach,8.486706785,Nov-Mar
Jaipur City,Rajasthan,City,8.998307151,Oct-Mar
Kerala Backwaters,Kerala,Nature,8.20745617,Sep-Mar
Leh Ladakh,Jammu and Kashmir,Adventure,8.090624069,Apr-Jun
Taj Mahal,Uttar Pradesh,Historical,8.798076955,Nov-Feb
Goa Beaches,Goa,Beach,9.240920637,Nov-Mar
Jaipur City,Rajasthan,City,8.564171558,Oct-Mar
Kerala Backwaters,Kerala,Nature,7.726465987,Sep-Mar
Leh Ladakh,Jammu and Kashmir,Adventure,9.135320167,Apr-Jun
Taj Mahal,Uttar Pradesh,Historical,7.819012403,Nov-Feb
Goa Beaches,Goa,Beach,8.988127174,Nov-Mar
Jaipur City,Rajasthan,City,7.692409735,Oct-Mar
Kerala Backwaters,Kerala,Nature,8.181851283,Sep-Mar
Leh Ladakh,Jammu and Kashmir,Adventure,9.17762404,Apr-Jun
Taj Mahal,Uttar Pradesh,Historical,9.056460846,Nov-Feb
Goa Beaches,Goa,Beach,9.187047298,Nov-Mar
Jaipur City,Rajasthan,City,8.612909578,Oct-Mar
Kerala Backwaters,Kerala,Nature,8.945958184,Sep-Mar
Leh Ladakh,Jammu and Kashmir,Adventure,8.310861661,Apr-Jun
Taj Mahal,Uttar Pradesh,Historical,8.299700199,Nov-Feb
Goa Beaches,Goa,Beach,8.68210175,Nov-Mar
Jaipur City,Rajasthan,City,8.997155931,Oct-Mar
Kerala Backwaters,Kerala,Nature,8.517940732,Sep-Mar
Leh Ladakh,Jammu and Kashmir,Adventure,7.661289356,Apr-Jun
Taj Mahal,Uttar Pradesh,Historical,8.994067311,Nov-Feb
Goa Beaches,Goa,Beach,8.645510419,Nov-Mar
Jaipur City,Rajasthan,City,8.086168022,Oct-Mar
Kerala Backwaters,Kerala,Nature,9.251772001,Sep-Mar
Leh Ladakh,Jammu and Kashmir,Adventure,8.747376071,Apr-Jun
Taj Mahal,Uttar Pradesh,Historical,8.374491709,Nov-Feb
Goa Beaches,Goa,Beach,8.56499898,Nov-Mar
Jaipur City,Rajasthan,City,9.401317818,Oct-Mar
Kerala Backwaters,Kerala,Nature,9.025943211,Sep-Mar
Leh Ladakh,Jammu and Kashmir,Adventure,9.042176517,Apr-Jun
Taj Mahal,Uttar Pradesh,Historical,7.703776811,Nov-Feb
Goa Beaches,Goa,Beach,8.67218513,Nov-Mar
Jaipur City,Rajasthan,City,9.113897124,Oct-Mar
Kerala Backwaters,Kerala,Nature,8.653271522,Sep-Mar
Leh Ladakh,Jammu and Kashmir,Adventure,9.252519204,Apr-Jun
Taj Mahal,Uttar Pradesh,Historical,9.456850744,Nov-Feb
Goa Beaches,Goa,Beach,9.310527199,Nov-Mar
Jaipur City,Rajasthan,City,7.952541969,Oct-Mar
Kerala Backwaters,Kerala,Nature,8.870130228,Sep-Mar
Leh Ladakh,Jammu and Kashmir,Adventure,8.478803438,Apr-Jun
Taj Mahal,Uttar Pradesh,Historical,7.567818753,Nov-Feb
Goa Beaches,Goa,Beach,9.187761001,Nov-Mar
Jaipur City,Rajasthan,City,8.248703528,Oct-Mar
Kerala Backwaters,Kerala,Nature,9.000157282,Sep-Mar
Leh Ladakh,Jammu and Kashmir,Adventure,7.748348707,Apr-Jun
Taj Mahal,Uttar Pradesh,Historical,9.193226492,Nov-Feb
Goa Beaches,Goa,Beach,8.292439606,Nov-Mar
Jaipur City,Rajasthan,City,9.155604744,Oct-Mar
Kerala Backwaters,Kerala,Nature,7.553270853,Sep-Mar
Leh Ladakh,Jammu and Kashmir,Adventure,8.419067682,Apr-Jun
Taj Mahal,Uttar Pradesh,Historical,8.450301921,Nov-Feb
Goa Beaches,Goa,Beach,8.207209291,Nov-Mar
Jaipur City,Rajasthan,City,8.205781817,Oct-Mar
Kerala Backwaters,Kerala,Nature,8.59875288,Sep-Mar
Leh Ladakh,Jammu and Kashmir,Adventure,8.99830559,Apr-Jun
Taj Mahal,Uttar Pradesh,Historical,9.015671518,Nov-Feb
Goa Beaches,Goa,Beach,7.779308047,Nov-Mar
Jaipur City,Rajasthan,City,8.456710702,Oct-Mar
Kerala Backwaters,Kerala,Nature,7.877125609,Sep-Mar
Leh Ladakh,Jammu and Kashmir,Adventure,8.937350085,Apr-Jun
Taj Mahal,Uttar Pradesh,Historical,7.569722658,Nov-Feb
Goa Beaches,Goa,Beach,7.768523623,Nov-Mar
Jaipur City,Rajasthan,City,9.180141735,Oct-Mar
Kerala Backwaters,Kerala,Nature,9.427997306,Sep-Mar
Leh Ladakh,Jammu and Kashmir,Adventure,8.171090109,Apr-Jun
Taj Mahal,Uttar Pradesh,Historical,8.148297385,Nov-Feb
Goa Beaches,Goa,Beach,9.168100701,Nov-Mar
Jaipur City,Rajasthan,City,9.468508271,Oct-Mar
Kerala Backwaters,Kerala,Nature,8.618563706,Sep-Mar
Leh Ladakh,Jammu and Kashmir,Adventure,9.446618128,Apr-Jun
Taj Mahal,Uttar Pradesh,Historical,7.865548979,Nov-Feb
Goa Beaches,Goa,Beach,7.735247906,Nov-Mar
Jaipur City,Rajasthan,City,7.754720779,Oct-Mar
Kerala Backwaters,Kerala,Nature,9.463041122,Sep-Mar
Leh Ladakh,Jammu and Kashmir,Adventure,9.390934664,Apr-Jun
Taj Mahal,Uttar Pradesh,Historical,7.679434821,Nov-Feb
Goa Beaches,Goa,Beach,8.330784565,Nov-Mar
Jaipur City,Rajasthan,City,8.517017713,Oct-Mar
Kerala Backwaters,Kerala,Nature,9.298998287,Sep-Mar
Leh Ladakh,Jammu and Kashmir,Adventure,9.015692414,Apr-Jun
Taj Mahal,Uttar Pradesh,Historical,7.645870324,Nov-Feb
Goa Beaches,Goa,Beach,7.652012351,Nov-Mar
Jaipur City,Rajasthan,City,8.443802952,Oct-Mar
Kerala Backwaters,Kerala,Nature,8.295686417,Sep-Mar
Leh Ladakh,Jammu and Kashmir,Adventure,7.940660734,Apr-Jun
Taj Mahal,Uttar Pradesh,Historical,9.342123928,Nov-Feb
Goa Beaches,Goa,Beach,7.582948969,Nov-Mar
Jaipur City,Rajasthan,City,7.893422692,Oct-Mar
Kerala Backwaters,Kerala,Nature,9.003574785,Sep-Mar
Leh Ladakh,Jammu and Kashmir,Adventure,8.810690634,Apr-Jun
Taj Mahal,Uttar Pradesh,Historical,9.200376502,Nov-Feb
Goa Beaches,Goa,Beach,9.097017239,Nov-Mar
Jaipur City,Rajasthan,City,8.392153666,Oct-Mar
Kerala Backwaters,Kerala,Nature,9.434544322,Sep-Mar
Leh Ladakh,Jammu and Kashmir,Adventure,8.896288153,Apr-Jun
Taj Mahal,Uttar Pradesh,Historical,7.820265199,Nov-Feb
Goa Beaches,Goa,Beach,8.642272298,Nov-Mar
Jaipur City,Rajasthan,City,7.809114532,Oct-Mar
Kerala Backwaters,Kerala,Nature,8.331131728,Sep-Mar
Leh Ladakh,Jammu and Kashmir,Adventure,8.352057126,Apr-Jun
Taj Mahal,Uttar Pradesh,Historical,7.649857558,Nov-Feb
Goa Beaches,Goa,Beach,7.949828337,Nov-Mar
Jaipur City,Rajasthan,City,9.283907838,Oct-Mar
Kerala Backwaters,Kerala,Nature,7.674024425,Sep-Mar
Leh Ladakh,Jammu and Kashmir,Adventure,9.264541565,Apr-Jun
Taj Mahal,Uttar Pradesh,Historical,8.691737654,Nov-Feb
Goa Beaches,Goa,Beach,7.876158567,Nov-Mar
Jaipur City,Rajasthan,City,8.038341365,Oct-Mar
Kerala Backwaters,Kerala,Nature,8.330602251,Sep-Mar
Leh Ladakh,Jammu and Kashmir,Adventure,8.512680032,Apr-Jun
Taj Mahal,Uttar Pradesh,Historical,8.591103124,Nov-Feb
Goa Beaches,Goa,Beach,9.155871192,Nov-Mar
Jaipur City,Rajasthan,City,9.31511956,Oct-Mar
Kerala Backwaters,Kerala,Nature,9.081925622,Sep-Mar
Leh Ladakh,Jammu and Kashmir,Adventure,8.009714715,Apr-Jun
Taj Mahal,Uttar Pradesh,Historical,8.559749377,Nov-Feb
Goa Beaches,Goa,Beach,9.30470555,Nov-Mar
Jaipur City,Rajasthan,City,9.300321813,Oct-Mar
Kerala Backwaters,Kerala,Nature,9.189377296,Sep-Mar
Leh Ladakh,Jammu and Kashmir,Adventure,9.161029661,Apr-Jun
Taj Mahal,Uttar Pradesh,Historical,8.903494513,Nov-Feb
Goa Beaches,Goa,Beach,9.008751898,Nov-Mar
Jaipur City,Rajasthan,City,8.771306422,Oct-Mar
Kerala Backwaters,Kerala,Nature,8.167683021,Sep-Mar
Leh Ladakh,Jammu and Kashmir,Adventure,8.204607884,Apr-Jun
Taj Mahal,Uttar Pradesh,Historical,9.464391796,Nov-Feb
Goa Beaches,Goa,Beach,7.956162813,Nov-Mar
Jaipur City,Rajasthan,City,9.496920385,Oct-Mar
Kerala Backwaters,Kerala,Nature,8.441880662,Sep-Mar
Leh Ladakh,Jammu and Kashmir,Adventure,8.76970521,Apr-Jun
Taj Mahal,Uttar Pradesh,Historical,9.032216296,Nov-Feb
Goa Beaches,Goa,Beach,9.350623283,Nov-Mar
Jaipur City,Rajasthan,City,9.008048228,Oct-Mar
Kerala Backwaters,Kerala,Nature,7.991928056,Sep-Mar
Leh Ladakh,Jammu and Kashmir,Adventure,7.923387964,Apr-Jun
Taj Mahal,Uttar Pradesh,Historical,9.3495136,Nov-Feb
Goa Beaches,Goa,Beach,7.848867269,Nov-Mar
Jaipur City,Rajasthan,City,8.822604312,Oct-Mar
Kerala Backwaters,Kerala,Nature,7.975932403,Sep-Mar
Leh Ladakh,Jammu and Kashmir,Adventure,8.175473129,Apr-Jun
Taj Mahal,Uttar Pradesh,Historical,8.535347955,Nov-Feb
Goa Beaches,Goa,Beach,7.970160845,Nov-Mar
Jaipur City,Rajasthan,City,7.593849734,Oct-Mar
Kerala Backwaters,Kerala,Nature,7.84062243,Sep-Mar
Leh Ladakh,Jammu and Kashmir,Adventure,7.809939226,Apr-Jun
Taj Mahal,Uttar Pradesh,Historical,9.406991631,Nov-Feb
Goa Beaches,Goa,Beach,7.68733681,Nov-Mar
Jaipur City,Rajasthan,City,7.81840781,Oct-Mar
Kerala Backwaters,Kerala,Nature,8.000500722,Sep-Mar
Leh Ladakh,Jammu and Kashmir,Adventure,8.944718004,Apr-Jun
Taj Mahal,Uttar Pradesh,Historical,9.263552559,Nov-Feb
Goa Beaches,Goa,Beach,8.565346616,Nov-Mar
Jaipur City,Rajasthan,City,8.104480471,Oct-Mar
Kerala Backwaters,Kerala,Nature,7.841584037,Sep-Mar
Leh Ladakh,Jammu and Kashmir,Adventure,9.159638354,Apr-Jun
Taj Mahal,Uttar Pradesh,Historical,8.748130653,Nov-Feb
Goa Beaches,Goa,Beach,8.577900963,Nov-Mar
Jaipur City,Rajasthan,City,8.41904082,Oct-Mar
Kerala Backwaters,Kerala,Nature,9.465996075,Sep-Mar
Leh Ladakh,Jammu and Kashmir,Adventure,7.598827165,Apr-Jun
Taj Mahal,Uttar Pradesh,Historical,8.260858752,Nov-Feb
Goa Beaches,Goa,Beach,8.036441482,Nov-Mar
Jaipur City,Rajasthan,City,8.056619012,Oct-Mar
Kerala Backwaters,Kerala,Nature,8.133852314,Sep-Mar
Leh Ladakh,Jammu and Kashmir,Adventure,8.195260135,Apr-Jun
Taj Mahal,Uttar Pradesh,Historical,8.887068417,Nov-Feb
Goa Beaches,Goa,Beach,8.822980009,Nov-Mar
Jaipur City,Rajasthan,City,8.397475309,Oct-Mar
Kerala Backwaters,Kerala,Nature,9.227763246,Sep-Mar
Leh Ladakh,Jammu and Kashmir,Adventure,9.288646089,Apr-Jun
Taj Mahal,Uttar Pradesh,Historical,8.627961322,Nov-Feb
Goa Beaches,Goa,Beach,8.419227436,Nov-Mar
Jaipur City,Rajasthan,City,8.305889899,Oct-Mar
Kerala Backwaters,Kerala,Nature,7.656962614,Sep-Mar
Leh Ladakh,Jammu and Kashmir,Adventure,8.878652899,Apr-Jun
Taj Mahal,Uttar Pradesh,Historical,8.814028636,Nov-Feb
Goa Beaches,Goa,Beach,9.111768717,Nov-Mar
Jaipur City,Rajasthan,City,8.563698042,Oct-Mar
Kerala Backwaters,Kerala,Nature,7.917510992,Sep-Mar
Leh Ladakh,Jammu and Kashmir,Adventure,8.371945151,Apr-Jun
Taj Mahal,Uttar Pradesh,Historical,9.02374639,Nov-Feb
Goa Beaches,Goa,Beach,8.62911875,Nov-Mar
Jaipur City,Rajasthan,City,8.844219598,Oct-Mar
Kerala Backwaters,Kerala,Nature,9.155527396,Sep-Mar
Leh Ladakh,Jammu and Kashmir,Adventure,9.031524747,Apr-Jun
Taj Mahal,Uttar Pradesh,Historical,8.636551596,Nov-Feb
Goa Beaches,Goa,Beach,8.810464389,Nov-Mar
Jaipur City,Rajasthan,City,8.244553687,Oct-Mar
Kerala Backwaters,Kerala,Nature,8.655670235,Sep-Mar
Leh Ladakh,Jammu and Kashmir,Adventure,8.402277983,Apr-Jun
Taj Mahal,Uttar Pradesh,Historical,8.878654588,Nov-Feb
Goa Beaches,Goa,Beach,8.367306496,Nov-Mar
Jaipur City,Rajasthan,City,9.203460228,Oct-Mar
Kerala Backwaters,Kerala,Nature,8.603678777,Sep-Mar
Leh Ladakh,Jammu and Kashmir,Adventure,8.034817273,Apr-Jun
Taj Mahal,Uttar Pradesh,Historical,8.93163212,Nov-Feb
Goa Beaches,Goa,Beach,9.389779698,Nov-Mar
Jaipur City,Rajasthan,City,8.279131952,Oct-Mar
Kerala Backwaters,Kerala,Nature,7.925686613,Sep-Mar
Leh Ladakh,Jammu and Kashmir,Adventure,9.339552233,Apr-Jun
Taj Mahal,Uttar Pradesh,Historical,8.182156496,Nov-Feb
Goa Beaches,Goa,Beach,7.714387335,Nov-Mar
Jaipur City,Rajasthan,City,9.099305628,Oct-Mar
Kerala Backwaters,Kerala,Nature,8.569879157,Sep-Mar
Leh Ladakh,Jammu and Kashmir,Adventure,7.89627217,Apr-Jun
Taj Mahal,Uttar Pradesh,Historical,9.206443213,Nov-Feb
Goa Beaches,Goa,Beach,8.465381843,Nov-Mar
Jaipur City,Rajasthan,City,8.703584274,Oct-Mar
Kerala Backwaters,Kerala,Nature,8.248600726,Sep-Mar
Leh Ladakh,Jammu and Kashmir,Adventure,8.514869186,Apr-Jun
Taj Mahal,Uttar Pradesh,Historical,9.088805186,Nov-Feb
Goa Beaches,Goa,Beach,9.413701354,Nov-Mar
Jaipur City,Rajasthan,City,8.053822692,Oct-Mar
Kerala Backwaters,Kerala,Nature,8.372037386,Sep-Mar
Leh Ladakh,Jammu and Kashmir,Adventure,9.263891739,Apr-Jun
Taj Mahal,Uttar Pradesh,Historical,7.727775532,Nov-Feb
Goa Beaches,Goa,Beach,8.532765537,Nov-Mar
Jaipur City,Rajasthan,City,7.727596682,Oct-Mar
Kerala Backwaters,Kerala,Nature,8.203211682,Sep-Mar
Leh Ladakh,Jammu and Kashmir,Adventure,7.933373925,Apr-Jun
Taj Mahal,Uttar Pradesh,Historical,9.059361289,Nov-Feb
Goa Beaches,Goa,Beach,8.35090682,Nov-Mar
Jaipur City,Rajasthan,City,8.719936426,Oct-Mar
Kerala Backwaters,Kerala,Nature,8.93173656,Sep-Mar
Leh Ladakh,Jammu and Kashmir,Adventure,8.956458953,Apr-Jun
Taj Mahal,Uttar Pradesh,Historical,7.790538404,Nov-Feb
Goa Beaches,Goa,Beach,8.539108136,Nov-Mar
Jaipur City,Rajasthan,City,8.594748337,Oct-Mar
Kerala Backwaters,Kerala,Nature,8.084015245,Sep-Mar
Leh Ladakh,Jammu and Kashmir,Adventure,7.734281734,Apr-Jun
Taj Mahal,Uttar Pradesh,Historical,8.547608275,Nov-Feb
Goa Beaches,Goa,Beach,7.644463431,Nov-Mar
Jaipur City,Rajasthan,City,9.121395353,Oct-Mar
Kerala Backwaters,Kerala,Nature,8.727517592,Sep-Mar
Leh Ladakh,Jammu and Kashmir,Adventure,8.352180026,Apr-Jun
Taj Mahal,Uttar Pradesh,Historical,9.360142316,Nov-Feb
Goa Beaches,Goa,Beach,8.1478115,Nov-Mar
Jaipur City,Rajasthan,City,8.902575504,Oct-Mar
Kerala Backwaters,Kerala,Nature,8.50672406,Sep-Mar
Leh Ladakh,Jammu and Kashmir,Adventure,8.624586257,Apr-Jun
Taj Mahal,Uttar Pradesh,Historical,8.145328815,Nov-Feb
Goa Beaches,Goa,Beach,8.243622218,Nov-Mar
Jaipur City,Rajasthan,City,7.59663444,Oct-Mar
Kerala Backwaters,Kerala,Nature,7.576635983,Sep-Mar
Leh Ladakh,Jammu and Kashmir,Adventure,9.0810296,Apr-Jun
Taj Mahal,Uttar Pradesh,Historical,8.129988977,Nov-Feb
Goa Beaches,Goa,Beach,9.137327132,Nov-Mar
Jaipur City,Rajasthan,City,8.784997932,Oct-Mar
Kerala Backwaters,Kerala,Nature,8.038663649,Sep-Mar
Leh Ladakh,Jammu and Kashmir,Adventure,8.079156318,Apr-Jun
Taj Mahal,Uttar Pradesh,Historical,8.459363313,Nov-Feb
Goa Beaches,Goa,Beach,9.046231352,Nov-Mar
Jaipur City,Rajasthan,City,9.200907306,Oct-Mar
Kerala Backwaters,Kerala,Nature,8.861507016,Sep-Mar
Leh Ladakh,Jammu and Kashmir,Adventure,9.291685938,Apr-Jun
Taj Mahal,Uttar Pradesh,Historical,8.531079522,Nov-Feb
Goa Beaches,Goa,Beach,8.997832251,Nov-Mar
Jaipur City,Rajasthan,City,8.528348194,Oct-Mar
Kerala Backwaters,Kerala,Nature,8.31788274,Sep-Mar
Leh Ladakh,Jammu and Kashmir,Adventure,9.366933345,Apr-Jun
Taj Mahal,Uttar Pradesh,Historical,8.389205905,Nov-Feb
Goa Beaches,Goa,Beach,9.44212563,Nov-Mar
Jaipur City,Rajasthan,City,8.223627063,Oct-Mar
Kerala Backwaters,Kerala,Nature,8.174235795,Sep-Mar
Leh Ladakh,Jammu and Kashmir,Adventure,9.157720702,Apr-Jun
Taj Mahal,Uttar Pradesh,Historical,9.421688098,Nov-Feb
Goa Beaches,Goa,Beach,7.505628741,Nov-Mar
Jaipur City,Rajasthan,City,7.78158026,Oct-Mar
Kerala Backwaters,Kerala,Nature,8.531159788,Sep-Mar
Leh Ladakh,Jammu and Kashmir,Adventure,8.189514728,Apr-Jun
Taj Mahal,Uttar Pradesh,Historical,9.243698789,Nov-Feb
Goa Beaches,Goa,Beach,9.120638441,Nov-Mar
Jaipur City,Rajasthan,City,7.608875043,Oct-Mar
Kerala Backwaters,Kerala,Nature,9.078902378,Sep-Mar
Leh Ladakh,Jammu and Kashmir,Adventure,7.97203091,Apr-Jun
Taj Mahal,Uttar Pradesh,Historical,9.157148626,Nov-Feb
Goa Beaches,Goa,Beach,9.410831094,Nov-Mar
Jaipur City,Rajasthan,City,9.310459572,Oct-Mar
Kerala Backwaters,Kerala,Nature,8.208242453,Sep-Mar
Leh Ladakh,Jammu and Kashmir,Adventure,8.41014171,Apr-Jun
Taj Mahal,Uttar Pradesh,Historical,8.576757877,Nov-Feb
Goa Beaches,Goa,Beach,9.17899403,Nov-Mar
Jaipur City,Rajasthan,City,8.014068811,Oct-Mar
Kerala Backwaters,Kerala,Nature,7.84425667,Sep-Mar
Leh Ladakh,Jammu and Kashmir,Adventure,8.161053311,Apr-Jun
Taj Mahal,Uttar Pradesh,Historical,9.393805813,Nov-Feb
Goa Beaches,Goa,Beach,9.00678474,Nov-Mar
Jaipur City,Rajasthan,City,8.336255249,Oct-Mar
Kerala Backwaters,Kerala,Nature,7.589205999,Sep-Mar
Leh Ladakh,Jammu and Kashmir,Adventure,9.220824441,Apr-Jun
Taj Mahal,Uttar Pradesh,Historical,9.423987379,Nov-Feb
Goa Beaches,Goa,Beach,7.999026975,Nov-Mar
Jaipur City,Rajasthan,City,8.385706717,Oct-Mar
Kerala Backwaters,Kerala,Nature,7.562622504,Sep-Mar
Leh Ladakh,Jammu and Kashmir,Adventure,8.772244497,Apr-Jun
Taj Mahal,Uttar Pradesh,Historical,8.853137683,Nov-Feb
Goa Beaches,Goa,Beach,9.228896756,Nov-Mar
Jaipur City,Rajasthan,City,8.501224869,Oct-Mar
Kerala Backwaters,Kerala,Nature,9.206043311,Sep-Mar
Leh Ladakh,Jammu and Kashmir,Adventure,7.943715894,Apr-Jun
Taj Mahal,Uttar Pradesh,Historical,8.277156854,Nov-Feb
Goa Beaches,Goa,Beach,8.377495779,Nov-Mar
Jaipur City,Rajasthan,City,7.804063905,Oct-Mar
Kerala Backwaters,Kerala,Nature,9.073371867,Sep-Mar
Leh Ladakh,Jammu and Kashmir,Adventure,7.928094923,Apr-Jun
Taj Mahal,Uttar Pradesh,Historical,8.771961835,Nov-Feb
Goa Beaches,Goa,Beach,9.366867008,Nov-Mar
Jaipur City,Rajasthan,City,7.976891811,Oct-Mar
Kerala Backwaters,Kerala,Nature,8.329340966,Sep-Mar
Leh Ladakh,Jammu and Kashmir,Adventure,8.622267855,Apr-Jun
Taj Mahal,Uttar Pradesh,Historical,7.789458969,Nov-Feb
Goa Beaches,Goa,Beach,9.492706285,Nov-Mar
Jaipur City,Rajasthan,City,7.651189907,Oct-Mar
Kerala Backwaters,Kerala,Nature,9.196737201,Sep-Mar
Leh Ladakh,Jammu and Kashmir,Adventure,7.933518733,Apr-Jun
Taj Mahal,Uttar Pradesh,Historical,8.641198251,Nov-Feb
Goa Beaches,Goa,Beach,8.784629096,Nov-Mar
Jaipur City,Rajasthan,City,9.191194973,Oct-Mar
Kerala Backwaters,Kerala,Nature,9.173580627,Sep-Mar
Leh Ladakh,Jammu and Kashmir,Adventure,8.66944927,Apr-Jun
Taj Mahal,Uttar Pradesh,Historical,8.971338259,Nov-Feb
Goa Beaches,Goa,Beach,7.790585198,Nov-Mar
Jaipur City,Rajasthan,City,9.029919743,Oct-Mar
Kerala Backwaters,Kerala,Nature,8.749274376,Sep-Mar
Leh Ladakh,Jammu and Kashmir,Adventure,8.644911366,Apr-Jun
Taj Mahal,Uttar Pradesh,Historical,9.335441126,Nov-Feb
Goa Beaches,Goa,Beach,8.287492092,Nov-Mar
Jaipur City,Rajasthan,City,9.046944772,Oct-Mar
Kerala Backwaters,Kerala,Nature,9.338103885,Sep-Mar
Leh Ladakh,Jammu and Kashmir,Adventure,8.913268955,Apr-Jun
Taj Mahal,Uttar Pradesh,Historical,7.668691909,Nov-Feb
Goa Beaches,Goa,Beach,9.027677155,Nov-Mar
Jaipur City,Rajasthan,City,8.491365338,Oct-Mar
Kerala Backwaters,Kerala,Nature,7.921623279,Sep-Mar
Leh Ladakh,Jammu and Kashmir,Adventure,7.720224496,Apr-Jun
Taj Mahal,Uttar Pradesh,Historical,7.824049108,Nov-Feb
Goa Beaches,Goa,Beach,8.527437467,Nov-Mar
Jaipur City,Rajasthan,City,7.528856525,Oct-Mar
Kerala Backwaters,Kerala,Nature,9.147968243,Sep-Mar
Leh Ladakh,Jammu and Kashmir,Adventure,8.989187748,Apr-Jun
Taj Mahal,Uttar Pradesh,Historical,8.157522251,Nov-Feb
Goa Beaches,Goa,Beach,7.54478424,Nov-Mar
Jaipur City,Rajasthan,City,8.498230857,Oct-Mar
Kerala Backwaters,Kerala,Nature,7.677870327,Sep-Mar
Leh Ladakh,Jammu and Kashmir,Adventure,8.316623635,Apr-Jun
Taj Mahal,Uttar Pradesh,Historical,7.643206988,Nov-Feb
Goa Beaches,Goa,Beach,9.413328344,Nov-Mar
Jaipur City,Rajasthan,City,9.231967797,Oct-Mar
Kerala Backwaters,Kerala,Nature,8.671636575,Sep-Mar
Leh Ladakh,Jammu and Kashmir,Adventure,8.982970017,Apr-Jun
Taj Mahal,Uttar Pradesh,Historical,8.796715429,Nov-Feb
Goa Beaches,Goa,Beach,7.911432524,Nov-Mar
Jaipur City,Rajasthan,City,7.601483088,Oct-Mar
Kerala Backwaters,Kerala,Nature,8.309631134,Sep-Mar
Leh Ladakh,Jammu and Kashmir,Adventure,8.442750358,Apr-Jun
Taj Mahal,Uttar Pradesh,Historical,8.27829177,Nov-Feb
Goa Beaches,Goa,Beach,8.449238006,Nov-Mar
Jaipur City,Rajasthan,City,7.954942388,Oct-Mar
Kerala Backwaters,Kerala,Nature,9.241444803,Sep-Mar
Leh Ladakh,Jammu and Kashmir,Adventure,9.031913943,Apr-Jun
Taj Mahal,Uttar Pradesh,Historical,7.713067195,Nov-Feb
Goa Beaches,Goa,Beach,7.590325473,Nov-Mar
Jaipur City,Rajasthan,City,8.968588467,Oct-Mar
Kerala Backwaters,Kerala,Nature,9.002930521,Sep-Mar
Leh Ladakh,Jammu and Kashmir,Adventure,7.743039575,Apr-Jun
Taj Mahal,Uttar Pradesh,Historical,9.223991095,Nov-Feb
Goa Beaches,Goa,Beach,8.864328395,Nov-Mar
Jaipur City,Rajasthan,City,8.375786034,Oct-Mar
Kerala Backwaters,Kerala,Nature,8.815596905,Sep-Mar
Leh Ladakh,Jammu and Kashmir,Adventure,8.011096327,Apr-Jun
Taj Mahal,Uttar Pradesh,Historical,8.775168604,Nov-Feb
Goa Beaches,Goa,Beach,8.342976754,Nov-Mar
Jaipur City,Rajasthan,City,8.311533772,Oct-Mar
Kerala Backwaters,Kerala,Nature,8.57530472,Sep-Mar
Leh Ladakh,Jammu and Kashmir,Adventure,8.81228743,Apr-Jun
Taj Mahal,Uttar Pradesh,Historical,7.943843806,Nov-Feb
Goa Beaches,Goa,Beach,9.115849499,Nov-Mar
Jaipur City,Rajasthan,City,8.253494746,Oct-Mar
Kerala Backwaters,Kerala,Nature,8.574376628,Sep-Mar
Leh Ladakh,Jammu and Kashmir,Adventure,8.13644499,Apr-Jun
Taj Mahal,Uttar Pradesh,Historical,8.619770095,Nov-Feb
Goa Beaches,Goa,Beach,8.069149587,Nov-Mar
Jaipur City,Rajasthan,City,8.452641011,Oct-Mar
Kerala Backwaters,Kerala,Nature,8.74040067,Sep-Mar
Leh Ladakh,Jammu and Kashmir,Adventure,8.569335477,Apr-Jun
Taj Mahal,Uttar Pradesh,Historical,7.685181358,Nov-Feb
Goa Beaches,Goa,Beach,9.438013884,Nov-Mar
Jaipur City,Rajasthan,City,7.588014606,Oct-Mar
Kerala Backwaters,Kerala,Nature,9.285417261,Sep-Mar
Leh Ladakh,Jammu and Kashmir,Adventure,7.851121958,Apr-Jun
Taj Mahal,Uttar Pradesh,Historical,9.396761498,Nov-Feb
Goa Beaches,Goa,Beach,7.545108072,Nov-Mar
Jaipur City,Rajasthan,City,9.371201914,Oct-Mar
Kerala Backwaters,Kerala,Nature,9.252136618,Sep-Mar
Leh Ladakh,Jammu and Kashmir,Adventure,7.58467963,Apr-Jun
Taj Mahal,Uttar Pradesh,Historical,8.685684923,Nov-Feb
Goa Beaches,Goa,Beach,9.298024385,Nov-Mar
Jaipur City,Rajasthan,City,7.821684369,Oct-Mar
Kerala Backwaters,Kerala,Nature,8.644015149,Sep-Mar
Leh Ladakh,Jammu and Kashmir,Adventure,7.801125565,Apr-Jun
Taj Mahal,Uttar Pradesh,Historical,8.324741876,Nov-Feb
Goa Beaches,Goa,Beach,7.741214134,Nov-Mar
Jaipur City,Rajasthan,City,8.026833744,Oct-Mar
Kerala Backwaters,Kerala,Nature,8.663189053,Sep-Mar
Leh Ladakh,Jammu and Kashmir,Adventure,8.54331106,Apr-Jun
Taj Mahal,Uttar Pradesh,Historical,9.309322897,Nov-Feb
Goa Beaches,Goa,Beach,7.93600433,Nov-Mar
Jaipur City,Rajasthan,City,9.274200566,Oct-Mar
Kerala Backwaters,Kerala,Nature,7.904577589,Sep-Mar
Leh Ladakh,Jammu and Kashmir,Adventure,8.473490132,Apr-Jun
Taj Mahal,Uttar Pradesh,Historical,8.020558973,Nov-Feb
Goa Beaches,Goa,Beach,8.257655226,Nov-Mar
Jaipur City,Rajasthan,City,9.206080667,Oct-Mar
Kerala Backwaters,Kerala,Nature,8.408724187,Sep-Mar
Leh Ladakh,Jammu and Kashmir,Adventure,7.73770749,Apr-Jun
Taj Mahal,Uttar Pradesh,Historical,8.645046759,Nov-Feb
Goa Beaches,Goa,Beach,8.702652456,Nov-Mar
Jaipur City,Rajasthan,City,9.106183997,Oct-Mar
Kerala Backwaters,Kerala,Nature,9.42965008,Sep-Mar
Leh Ladakh,Jammu and Kashmir,Adventure,7.537510611,Apr-Jun
Taj Mahal,Uttar Pradesh,Historical,8.012249945,Nov-Feb
Goa Beaches,Goa,Beach,7.619280847,Nov-Mar
Jaipur City,Rajasthan,City,7.70877272,Oct-Mar
Kerala Backwaters,Kerala,Nature,9.087608839,Sep-Mar
Leh Ladakh,Jammu and Kashmir,Adventure,7.671909274,Apr-Jun
Taj Mahal,Uttar Pradesh,Historical,8.365692888,Nov-Feb
Goa Beaches,Goa,Beach,8.123015873,Nov-Mar
Jaipur City,Rajasthan,City,8.321398767,Oct-Mar
Kerala Backwaters,Kerala,Nature,9.192148288,Sep-Mar
Leh Ladakh,Jammu and Kashmir,Adventure,8.106762585,Apr-Jun
Taj Mahal,Uttar Pradesh,Historical,9.240773308,Nov-Feb
Goa Beaches,Goa,Beach,9.319617878,Nov-Mar
Jaipur City,Rajasthan,City,7.932950633,Oct-Mar
Kerala Backwaters,Kerala,Nature,9.052548436,Sep-Mar
Leh Ladakh,Jammu and Kashmir,Adventure,8.925500312,Apr-Jun
Taj Mahal,Uttar Pradesh,Historical,8.385107105,Nov-Feb
Goa Beaches,Goa,Beach,9.210850999,Nov-Mar
Jaipur City,Rajasthan,City,8.814343714,Oct-Mar
Kerala Backwaters,Kerala,Nature,8.861841359,Sep-Mar
Leh Ladakh,Jammu and Kashmir,Adventure,8.636537892,Apr-Jun
Taj Mahal,Uttar Pradesh,Historical,9.140527124,Nov-Feb
Goa Beaches,Goa,Beach,7.528727097,Nov-Mar
Jaipur City,Rajasthan,City,9.060978552,Oct-Mar
Kerala Backwaters,Kerala,Nature,9.409359527,Sep-Mar
Leh Ladakh,Jammu and Kashmir,Adventure,9.013101245,Apr-Jun
Taj Mahal,Uttar Pradesh,Historical,8.372423129,Nov-Feb
Goa Beaches,Goa,Beach,9.215187537,Nov-Mar
Jaipur City,Rajasthan,City,8.565934397,Oct-Mar
Kerala Backwaters,Kerala,Nature,7.686987874,Sep-Mar
Leh Ladakh,Jammu and Kashmir,Adventure,8.780722104,Apr-Jun
Taj Mahal,Uttar Pradesh,Historical,8.008536059,Nov-Feb
Goa Beaches,Goa,Beach,8.499576396,Nov-Mar
Jaipur City,Rajasthan,City,8.519173371,Oct-Mar
Kerala Backwaters,Kerala,Nature,9.081745748,Sep-Mar
Leh Ladakh,Jammu and Kashmir,Adventure,9.347621265,Apr-Jun
Taj Mahal,Uttar Pradesh,Historical,8.732673715,Nov-Feb
Goa Beaches,Goa,Beach,8.841048136,Nov-Mar
Jaipur City,Rajasthan,City,9.08021632,Oct-Mar
Kerala Backwaters,Kerala,Nature,7.748098699,Sep-Mar
Leh Ladakh,Jammu and Kashmir,Adventure,9.034655061,Apr-Jun
Taj Mahal,Uttar Pradesh,Historical,8.108715094,Nov-Feb
Goa Beaches,Goa,Beach,9.499811031,Nov-Mar
Jaipur City,Rajasthan,City,7.962347871,Oct-Mar
Kerala Backwaters,Kerala,Nature,8.208087955,Sep-Mar
Leh Ladakh,Jammu and Kashmir,Adventure,8.117425965,Apr-Jun
Taj Mahal,Uttar Pradesh,Historical,8.207388381,Nov-Feb
Goa Beaches,Goa,Beach,8.114747173,Nov-Mar
Jaipur City,Rajasthan,City,8.195154681,Oct-Mar
Kerala Backwaters,Kerala,Nature,8.165291117,Sep-Mar
Leh Ladakh,Jammu and Kashmir,Adventure,7.746367368,Apr-Jun
Taj Mahal,Uttar Pradesh,Historical,8.133818191,Nov-Feb
Goa Beaches,Goa,Beach,8.203518829,Nov-Mar
Jaipur City,Rajasthan,City,8.30843543,Oct-Mar
Kerala Backwaters,Kerala,Nature,8.961740524,Sep-Mar
Leh Ladakh,Jammu and Kashmir,Adventure,8.939036209,Apr-Jun
